{
    "images":
    {
		"black":
        {
            "image" : "mainmenu:textures/bg_menu2.png",
            "posX" : 95,
            "posY" : -80,
            "width" : 200,
            "height" : 1500,
            "alignment" : "top_left"
        },
		"logo":
        {
            "image" : "mainmenu:textures/Voltz2MenuLogo.png",
            "posX" : -45,
            "posY" : 0,
            "width" : 475,
            "height" : 240,
            "alignment" : "top_left"
        }
	
	},
    
    "buttons":
    {     
		"singleplayer":
        {
            "text" : "menu.singleplayer",
			"normalTextColor" : 12303291,
			"hoverTextColor" : 3125670,
			"texture" : "mainmenu:textures/btn.png",
            "posX" : 97,
            "posY" : -40,
            "width" : 196,
            "height" : 30,
			imageWidth : 100,
			imageHeight : 50,
			"alignment" : "left_center",
            "action" : 
            {
                "type" : "openGui",
                "gui" : "singleplayer"
            }
        },		

		"multiplayer":
        {
            "text" : "menu.multiplayer",			
			"normalTextColor" : 12303291,
			"hoverTextColor" : 3125670,
			"texture" : "mainmenu:textures/btn.png",
            "posX" : 97,
            "posY" : -10,
            "width" : 196,
            "height" : 30,
			imageWidth : 100,
			imageHeight : 50,
			"alignment" : "left_center",
            "action" : 
            {
                "type" : "openGui",
                "gui" : "multiplayer"
            }
        },
               
		"options":
        {
            "text" : "menu.options",
			"normalTextColor" : 12303291,
			"hoverTextColor" : 3125670,
			"texture" : "mainmenu:textures/btn.png",
            "posX" : 97,
            "posY" : 30,
            "width" : 196,
            "height" : 20,
			imageWidth : 100,
			imageHeight : 50,
			"alignment" : "left_center",
            "action" : 
            {
                "type" : "openGui",
                "gui" : "options"
            }
        },
		        
		"language":
        {
            "text" : "options.language",
			"texture" : "mainmenu:textures/btn.png",
            "posX" : 97,
            "posY" : 50,
            "width" : 196,
            "height" : 20,
			imageWidth : 100,
			imageHeight : 50,			
			"alignment" : "left_center",
            "action" : 
            {
                "type" : "openGui",
                "gui" : "languages"
            }
        },
                    
        "quit":
        {
            "text" : "menu.quit",
			"normalTextColor" : 16729156,
			"hoverTextColor" : 14483456,
			"texture" : "mainmenu:textures/btn.png",
            "posX" : 97,
            "posY" : 70,
            "width" : 196,
            "height" : 20,
			imageWidth : 100,
			imageHeight : 50,
			"alignment" : "left_center",
			"hoverText" : "No! Don't leave!",
            "action" : 
            {
                "type" : "quit"
            }
        },
		
        "mods":
        {
            "text" : "Mods (#modsloaded#/#modsactive#)",
			"normalTextColor" : 6710886,
			"hoverTextColor" : 3125670,
			"texture" : "mainmenu:textures/btn.png",
            "posX" : 97,
            "posY" : 100,
            "width" : 96,
            "height" : 20,
			imageWidth : 100,
			imageHeight : 50,
			"alignment" : "left_center",
            "action" : 
            {
                "type" : "openGui",
                "gui" : "mods"
            }
        },
        "versionChecker":
        {
            "text" : "Version-Checker",
			"normalTextColor" : 6710886,
			"hoverTextColor" : 3125670,
			"texture" : "mainmenu:textures/btn.png",
            "posX" : 193,
            "posY" : 100,
            "width" : 100,
            "height" : 20,
			imageWidth : 100,
			imageHeight : 50,			
			"alignment" : "left_center",
            "wrappedButton" : 404
        }
	},
    
    "texts":
    {
        "mojang":
        {
            "text" : "Forge #forgeversion# for Minecraft #mcversion# - Copyright Mojang AB. Do not distribute!",
            "posX" : 2,
            "posY" : -10,
            "color" : -1,
            "alignment" : "bottom_left"
        },
        
		"packTxt":
        {
            "text" : "AAIII - 0.0.1a",
            "posX" : 2,
            "posY" : -25,
            "color" : -1,
            "alignment" : "bottom_left"
        }
    },
    
    "other":
    {
		"background":
		{
			"image" : "mainmenu:textures/Voltz2Background.png",
			"mode" : "stretch"
		}
    }
}